,Number Of Pancakes,Gap,Problem ID,Start state,Goal state,Initial Heuristic,Algorithm,Memory,Status,States Expanded,Necessary Expansions,Iterations,Runtime(seconds)
0,10.0,0.0,1.0, 6 5 0 7 3 2 4 9 8 1, 0 1 2 3 4 5 6 7 8 9,7.0,A*,74.0,1.0,9.0,5.0,0.0,0.0001
1,10.0,0.0,1.0, 6 5 0 7 3 2 4 9 8 1, 0 1 2 3 4 5 6 7 8 9,7.0,I-A*,-,1.0,14.0,5.0,0.0,0.0001
2,10.0,0.0,1.0, 6 5 0 7 3 2 4 9 8 1, 0 1 2 3 4 5 6 7 8 9,7.0,MM,494.0,1.0,62.0,7.0,0.0,0.0002
3,10.0,0.0,1.0, 6 5 0 7 3 2 4 9 8 1, 0 1 2 3 4 5 6 7 8 9,7.0,I-MM,-,1.0,113.0,7.0,0.0,0.0002
4,10.0,0.0,1.0, 6 5 0 7 3 2 4 9 8 1, 0 1 2 3 4 5 6 7 8 9,7.0,IDA*,-,1.0,47.0,5.0,0.0,0.0
5,10.0,0.0,1.0, 6 5 0 7 3 2 4 9 8 1, 0 1 2 3 4 5 6 7 8 9,7.0,D-A*,-,1.0,42.0,5.0,0.0,0.0
6,10.0,0.0,1.0, 6 5 0 7 3 2 4 9 8 1, 0 1 2 3 4 5 6 7 8 9,7.0,A*+IDA*(0.90),66,1.0,9.0,41.0,0.0,0.0
7,10.0,0.0,1.0, 6 5 0 7 3 2 4 9 8 1, 0 1 2 3 4 5 6 7 8 9,7.0,A*+IDA*(0.75),55,1.0,9.0,40.0,0.0,0.0
8,10.0,0.0,1.0, 6 5 0 7 3 2 4 9 8 1, 0 1 2 3 4 5 6 7 8 9,7.0,A*+IDA*(0.50),37,1.0,8.0,21.0,0.0,0.0
9,10.0,0.0,1.0, 6 5 0 7 3 2 4 9 8 1, 0 1 2 3 4 5 6 7 8 9,7.0,A*+IDA*(0.25),18,1.0,18.0,17.0,0.0,0.0
10,10.0,0.0,1.0, 6 5 0 7 3 2 4 9 8 1, 0 1 2 3 4 5 6 7 8 9,7.0,A*+IDA*(0.10),7,1.0,28.0,11.0,0.0,0.0
11,10.0,0.0,2.0, 1 7 3 9 5 4 8 2 6 0, 0 1 2 3 4 5 6 7 8 9,9.0,A*,74.0,1.0,9.0,0.0,0.0,0.0
12,10.0,0.0,2.0, 1 7 3 9 5 4 8 2 6 0, 0 1 2 3 4 5 6 7 8 9,9.0,I-A*,-,1.0,9.0,0.0,0.0,0.0
13,10.0,0.0,2.0, 1 7 3 9 5 4 8 2 6 0, 0 1 2 3 4 5 6 7 8 9,9.0,MM,73.0,1.0,9.0,0.0,0.0,0.0
14,10.0,0.0,2.0, 1 7 3 9 5 4 8 2 6 0, 0 1 2 3 4 5 6 7 8 9,9.0,I-MM,-,1.0,29.0,0.0,0.0,0.0
15,10.0,0.0,2.0, 1 7 3 9 5 4 8 2 6 0, 0 1 2 3 4 5 6 7 8 9,9.0,IDA*,-,1.0,9.0,0.0,0.0,0.0
16,10.0,0.0,2.0, 1 7 3 9 5 4 8 2 6 0, 0 1 2 3 4 5 6 7 8 9,9.0,D-A*,-,1.0,9.0,0.0,0.0,0.0
17,10.0,0.0,2.0, 1 7 3 9 5 4 8 2 6 0, 0 1 2 3 4 5 6 7 8 9,9.0,A*+IDA*(0.90),65,1.0,9.0,36.0,0.0,0.0
18,10.0,0.0,2.0, 1 7 3 9 5 4 8 2 6 0, 0 1 2 3 4 5 6 7 8 9,9.0,A*+IDA*(0.75),54,1.0,9.0,35.0,0.0,0.0
19,10.0,0.0,2.0, 1 7 3 9 5 4 8 2 6 0, 0 1 2 3 4 5 6 7 8 9,9.0,A*+IDA*(0.50),36,1.0,9.0,30.0,0.0,0.0
20,10.0,0.0,2.0, 1 7 3 9 5 4 8 2 6 0, 0 1 2 3 4 5 6 7 8 9,9.0,A*+IDA*(0.25),18,1.0,9.0,21.0,0.0,0.0
21,10.0,0.0,2.0, 1 7 3 9 5 4 8 2 6 0, 0 1 2 3 4 5 6 7 8 9,9.0,A*+IDA*(0.10),7,1.0,9.0,8.0,0.0,0.0
22,10.0,0.0,3.0, 1 8 2 4 6 9 7 5 0 3, 0 1 2 3 4 5 6 7 8 9,10.0,A*,90.0,1.0,11.0,0.0,0.0,0.0
23,10.0,0.0,3.0, 1 8 2 4 6 9 7 5 0 3, 0 1 2 3 4 5 6 7 8 9,10.0,I-A*,-,1.0,11.0,0.0,0.0,0.0
24,10.0,0.0,3.0, 1 8 2 4 6 9 7 5 0 3, 0 1 2 3 4 5 6 7 8 9,10.0,MM,257.0,1.0,32.0,0.0,0.0,0.0001
25,10.0,0.0,3.0, 1 8 2 4 6 9 7 5 0 3, 0 1 2 3 4 5 6 7 8 9,10.0,I-MM,-,1.0,68.0,0.0,0.0,0.0001
26,10.0,0.0,3.0, 1 8 2 4 6 9 7 5 0 3, 0 1 2 3 4 5 6 7 8 9,10.0,IDA*,-,1.0,11.0,0.0,0.0,0.0
27,10.0,0.0,3.0, 1 8 2 4 6 9 7 5 0 3, 0 1 2 3 4 5 6 7 8 9,10.0,D-A*,-,1.0,11.0,0.0,0.0,0.0
28,10.0,0.0,3.0, 1 8 2 4 6 9 7 5 0 3, 0 1 2 3 4 5 6 7 8 9,10.0,A*+IDA*(0.90),81,1.0,11.0,45.0,0.0,0.0
29,10.0,0.0,3.0, 1 8 2 4 6 9 7 5 0 3, 0 1 2 3 4 5 6 7 8 9,10.0,A*+IDA*(0.75),67,1.0,11.0,44.0,0.0,0.0
30,10.0,0.0,3.0, 1 8 2 4 6 9 7 5 0 3, 0 1 2 3 4 5 6 7 8 9,10.0,A*+IDA*(0.50),45,1.0,11.0,35.0,0.0,0.0
31,10.0,0.0,3.0, 1 8 2 4 6 9 7 5 0 3, 0 1 2 3 4 5 6 7 8 9,10.0,A*+IDA*(0.25),22,1.0,11.0,22.0,0.0,0.0
32,10.0,0.0,3.0, 1 8 2 4 6 9 7 5 0 3, 0 1 2 3 4 5 6 7 8 9,10.0,A*+IDA*(0.10),9,1.0,11.0,2.0,0.0,0.0
33,10.0,0.0,4.0, 0 7 1 5 4 2 3 8 9 6, 0 1 2 3 4 5 6 7 8 9,7.0,A*,90.0,1.0,11.0,0.0,0.0,0.0
34,10.0,0.0,4.0, 0 7 1 5 4 2 3 8 9 6, 0 1 2 3 4 5 6 7 8 9,7.0,I-A*,-,1.0,11.0,0.0,0.0,0.0
35,10.0,0.0,4.0, 0 7 1 5 4 2 3 8 9 6, 0 1 2 3 4 5 6 7 8 9,7.0,MM,75.0,1.0,9.0,0.0,0.0,0.0
36,10.0,0.0,4.0, 0 7 1 5 4 2 3 8 9 6, 0 1 2 3 4 5 6 7 8 9,7.0,I-MM,-,1.0,22.0,0.0,0.0,0.0
37,10.0,0.0,4.0, 0 7 1 5 4 2 3 8 9 6, 0 1 2 3 4 5 6 7 8 9,7.0,IDA*,-,1.0,11.0,0.0,0.0,0.0
38,10.0,0.0,4.0, 0 7 1 5 4 2 3 8 9 6, 0 1 2 3 4 5 6 7 8 9,7.0,D-A*,-,1.0,11.0,0.0,0.0,0.0
39,10.0,0.0,4.0, 0 7 1 5 4 2 3 8 9 6, 0 1 2 3 4 5 6 7 8 9,7.0,A*+IDA*(0.90),67,1.0,11.0,30.0,0.0,0.0
40,10.0,0.0,4.0, 0 7 1 5 4 2 3 8 9 6, 0 1 2 3 4 5 6 7 8 9,7.0,A*+IDA*(0.75),56,1.0,11.0,25.0,0.0,0.0
41,10.0,0.0,4.0, 0 7 1 5 4 2 3 8 9 6, 0 1 2 3 4 5 6 7 8 9,7.0,A*+IDA*(0.50),37,1.0,11.0,19.0,0.0,0.0
42,10.0,0.0,4.0, 0 7 1 5 4 2 3 8 9 6, 0 1 2 3 4 5 6 7 8 9,7.0,A*+IDA*(0.25),18,1.0,11.0,14.0,0.0,0.0
43,10.0,0.0,4.0, 0 7 1 5 4 2 3 8 9 6, 0 1 2 3 4 5 6 7 8 9,7.0,A*+IDA*(0.10),7,1.0,11.0,6.0,0.0,0.0
44,10.0,0.0,5.0, 0 2 3 7 4 5 6 9 1 8, 0 1 2 3 4 5 6 7 8 9,7.0,A*,58.0,1.0,7.0,0.0,0.0,0.0
45,10.0,0.0,5.0, 0 2 3 7 4 5 6 9 1 8, 0 1 2 3 4 5 6 7 8 9,7.0,I-A*,-,1.0,7.0,0.0,0.0,0.0
46,10.0,0.0,5.0, 0 2 3 7 4 5 6 9 1 8, 0 1 2 3 4 5 6 7 8 9,7.0,MM,106.0,1.0,13.0,0.0,0.0,0.0
47,10.0,0.0,5.0, 0 2 3 7 4 5 6 9 1 8, 0 1 2 3 4 5 6 7 8 9,7.0,I-MM,-,1.0,27.0,0.0,0.0,0.0
48,10.0,0.0,5.0, 0 2 3 7 4 5 6 9 1 8, 0 1 2 3 4 5 6 7 8 9,7.0,IDA*,-,1.0,7.0,0.0,0.0,0.0
49,10.0,0.0,5.0, 0 2 3 7 4 5 6 9 1 8, 0 1 2 3 4 5 6 7 8 9,7.0,D-A*,-,1.0,7.0,0.0,0.0,0.0
50,10.0,0.0,5.0, 0 2 3 7 4 5 6 9 1 8, 0 1 2 3 4 5 6 7 8 9,7.0,A*+IDA*(0.90),52,1.0,7.0,19.0,0.0,0.0
51,10.0,0.0,5.0, 0 2 3 7 4 5 6 9 1 8, 0 1 2 3 4 5 6 7 8 9,7.0,A*+IDA*(0.75),43,1.0,7.0,19.0,0.0,0.0
52,10.0,0.0,5.0, 0 2 3 7 4 5 6 9 1 8, 0 1 2 3 4 5 6 7 8 9,7.0,A*+IDA*(0.50),29,1.0,7.0,16.0,0.0,0.0
53,10.0,0.0,5.0, 0 2 3 7 4 5 6 9 1 8, 0 1 2 3 4 5 6 7 8 9,7.0,A*+IDA*(0.25),14,1.0,7.0,10.0,0.0,0.0
54,10.0,0.0,5.0, 0 2 3 7 4 5 6 9 1 8, 0 1 2 3 4 5 6 7 8 9,7.0,A*+IDA*(0.10),5,1.0,7.0,6.0,0.0,0.0
55,10.0,0.0,6.0, 3 1 2 7 4 0 8 9 5 6, 0 1 2 3 4 5 6 7 8 9,7.0,A*,114.0,1.0,14.0,4.0,0.0,0.0
56,10.0,0.0,6.0, 3 1 2 7 4 0 8 9 5 6, 0 1 2 3 4 5 6 7 8 9,7.0,I-A*,-,1.0,18.0,4.0,0.0,0.0
57,10.0,0.0,6.0, 3 1 2 7 4 0 8 9 5 6, 0 1 2 3 4 5 6 7 8 9,7.0,MM,340.0,1.0,43.0,9.0,0.0,0.0001
58,10.0,0.0,6.0, 3 1 2 7 4 0 8 9 5 6, 0 1 2 3 4 5 6 7 8 9,7.0,I-MM,-,1.0,81.0,9.0,0.0,0.0001
59,10.0,0.0,6.0, 3 1 2 7 4 0 8 9 5 6, 0 1 2 3 4 5 6 7 8 9,7.0,IDA*,-,1.0,18.0,4.0,0.0,0.0
60,10.0,0.0,6.0, 3 1 2 7 4 0 8 9 5 6, 0 1 2 3 4 5 6 7 8 9,7.0,D-A*,-,1.0,17.0,4.0,0.0,0.0
61,10.0,0.0,6.0, 3 1 2 7 4 0 8 9 5 6, 0 1 2 3 4 5 6 7 8 9,7.0,A*+IDA*(0.90),102,1.0,14.0,50.0,0.0,0.0
62,10.0,0.0,6.0, 3 1 2 7 4 0 8 9 5 6, 0 1 2 3 4 5 6 7 8 9,7.0,A*+IDA*(0.75),85,1.0,14.0,47.0,0.0,0.0
63,10.0,0.0,6.0, 3 1 2 7 4 0 8 9 5 6, 0 1 2 3 4 5 6 7 8 9,7.0,A*+IDA*(0.50),57,1.0,13.0,37.0,0.0,0.0
64,10.0,0.0,6.0, 3 1 2 7 4 0 8 9 5 6, 0 1 2 3 4 5 6 7 8 9,7.0,A*+IDA*(0.25),28,1.0,14.0,19.0,0.0,0.0
65,10.0,0.0,6.0, 3 1 2 7 4 0 8 9 5 6, 0 1 2 3 4 5 6 7 8 9,7.0,A*+IDA*(0.10),11,1.0,11.0,14.0,0.0,0.0
66,10.0,0.0,7.0, 4 9 3 6 0 5 2 1 7 8, 0 1 2 3 4 5 6 7 8 9,8.0,A*,128.0,1.0,16.0,6.0,0.0,0.0
67,10.0,0.0,7.0, 4 9 3 6 0 5 2 1 7 8, 0 1 2 3 4 5 6 7 8 9,8.0,I-A*,-,1.0,22.0,6.0,0.0,0.0
68,10.0,0.0,7.0, 4 9 3 6 0 5 2 1 7 8, 0 1 2 3 4 5 6 7 8 9,8.0,MM,154.0,1.0,19.0,15.0,0.0,0.0
69,10.0,0.0,7.0, 4 9 3 6 0 5 2 1 7 8, 0 1 2 3 4 5 6 7 8 9,8.0,I-MM,-,1.0,51.0,15.0,0.0,0.0
70,10.0,0.0,7.0, 4 9 3 6 0 5 2 1 7 8, 0 1 2 3 4 5 6 7 8 9,8.0,IDA*,-,1.0,18.0,6.0,0.0,0.0
71,10.0,0.0,7.0, 4 9 3 6 0 5 2 1 7 8, 0 1 2 3 4 5 6 7 8 9,8.0,D-A*,-,1.0,17.0,6.0,0.0,0.0
72,10.0,0.0,7.0, 4 9 3 6 0 5 2 1 7 8, 0 1 2 3 4 5 6 7 8 9,8.0,A*+IDA*(0.90),115,1.0,16.0,57.0,0.0,0.0
73,10.0,0.0,7.0, 4 9 3 6 0 5 2 1 7 8, 0 1 2 3 4 5 6 7 8 9,8.0,A*+IDA*(0.75),96,1.0,16.0,54.0,0.0,0.0
74,10.0,0.0,7.0, 4 9 3 6 0 5 2 1 7 8, 0 1 2 3 4 5 6 7 8 9,8.0,A*+IDA*(0.50),64,1.0,17.0,48.0,0.0,0.0
75,10.0,0.0,7.0, 4 9 3 6 0 5 2 1 7 8, 0 1 2 3 4 5 6 7 8 9,8.0,A*+IDA*(0.25),32,1.0,24.0,26.0,0.0,0.0
76,10.0,0.0,7.0, 4 9 3 6 0 5 2 1 7 8, 0 1 2 3 4 5 6 7 8 9,8.0,A*+IDA*(0.10),12,1.0,26.0,17.0,0.0,0.0
77,10.0,0.0,8.0, 6 0 3 9 5 7 1 8 2 4, 0 1 2 3 4 5 6 7 8 9,10.0,A*,413.0,1.0,52.0,48.0,0.0,0.0001
78,10.0,0.0,8.0, 6 0 3 9 5 7 1 8 2 4, 0 1 2 3 4 5 6 7 8 9,10.0,I-A*,-,1.0,100.0,48.0,0.0,0.0001
79,10.0,0.0,8.0, 6 0 3 9 5 7 1 8 2 4, 0 1 2 3 4 5 6 7 8 9,10.0,MM,523.0,1.0,66.0,44.0,0.0,0.0002
80,10.0,0.0,8.0, 6 0 3 9 5 7 1 8 2 4, 0 1 2 3 4 5 6 7 8 9,10.0,I-MM,-,1.0,153.0,44.0,0.0,0.0002
81,10.0,0.0,8.0, 6 0 3 9 5 7 1 8 2 4, 0 1 2 3 4 5 6 7 8 9,10.0,IDA*,-,1.0,74.0,52.0,0.0,0.0
82,10.0,0.0,8.0, 6 0 3 9 5 7 1 8 2 4, 0 1 2 3 4 5 6 7 8 9,10.0,D-A*,-,1.0,73.0,52.0,0.0,0.0
83,10.0,0.0,8.0, 6 0 3 9 5 7 1 8 2 4, 0 1 2 3 4 5 6 7 8 9,10.0,A*+IDA*(0.90),371,1.0,53.0,196.0,0.0,0.0003
84,10.0,0.0,8.0, 6 0 3 9 5 7 1 8 2 4, 0 1 2 3 4 5 6 7 8 9,10.0,A*+IDA*(0.75),309,1.0,52.0,173.0,0.0,0.0002
85,10.0,0.0,8.0, 6 0 3 9 5 7 1 8 2 4, 0 1 2 3 4 5 6 7 8 9,10.0,A*+IDA*(0.50),206,1.0,52.0,140.0,0.0,0.0002
86,10.0,0.0,8.0, 6 0 3 9 5 7 1 8 2 4, 0 1 2 3 4 5 6 7 8 9,10.0,A*+IDA*(0.25),103,1.0,56.0,103.0,0.0,0.0001
87,10.0,0.0,8.0, 6 0 3 9 5 7 1 8 2 4, 0 1 2 3 4 5 6 7 8 9,10.0,A*+IDA*(0.10),41,1.0,58.0,79.0,0.0,0.0001
88,10.0,0.0,9.0, 3 7 2 8 9 5 1 0 4 6, 0 1 2 3 4 5 6 7 8 9,8.0,A*,114.0,1.0,14.0,0.0,0.0,0.0
89,10.0,0.0,9.0, 3 7 2 8 9 5 1 0 4 6, 0 1 2 3 4 5 6 7 8 9,8.0,I-A*,-,1.0,14.0,0.0,0.0,0.0
90,10.0,0.0,9.0, 3 7 2 8 9 5 1 0 4 6, 0 1 2 3 4 5 6 7 8 9,8.0,MM,86.0,1.0,11.0,0.0,0.0,0.0
91,10.0,0.0,9.0, 3 7 2 8 9 5 1 0 4 6, 0 1 2 3 4 5 6 7 8 9,8.0,I-MM,-,1.0,26.0,0.0,0.0,0.0
92,10.0,0.0,9.0, 3 7 2 8 9 5 1 0 4 6, 0 1 2 3 4 5 6 7 8 9,8.0,IDA*,-,1.0,14.0,0.0,0.0,0.0
93,10.0,0.0,9.0, 3 7 2 8 9 5 1 0 4 6, 0 1 2 3 4 5 6 7 8 9,8.0,D-A*,-,1.0,14.0,0.0,0.0,0.0
94,10.0,0.0,9.0, 3 7 2 8 9 5 1 0 4 6, 0 1 2 3 4 5 6 7 8 9,8.0,A*+IDA*(0.90),77,1.0,14.0,41.0,0.0,0.0
95,10.0,0.0,9.0, 3 7 2 8 9 5 1 0 4 6, 0 1 2 3 4 5 6 7 8 9,8.0,A*+IDA*(0.75),64,1.0,14.0,33.0,0.0,0.0
96,10.0,0.0,9.0, 3 7 2 8 9 5 1 0 4 6, 0 1 2 3 4 5 6 7 8 9,8.0,A*+IDA*(0.50),43,1.0,14.0,30.0,0.0,0.0
97,10.0,0.0,9.0, 3 7 2 8 9 5 1 0 4 6, 0 1 2 3 4 5 6 7 8 9,8.0,A*+IDA*(0.25),21,1.0,9.0,18.0,0.0,0.0
98,10.0,0.0,9.0, 3 7 2 8 9 5 1 0 4 6, 0 1 2 3 4 5 6 7 8 9,8.0,A*+IDA*(0.10),8,1.0,14.0,7.0,0.0,0.0
99,10.0,0.0,10.0, 3 9 7 1 2 8 6 4 5 0, 0 1 2 3 4 5 6 7 8 9,8.0,A*,176.0,1.0,22.0,4.0,0.0,0.0001
100,10.0,0.0,10.0, 3 9 7 1 2 8 6 4 5 0, 0 1 2 3 4 5 6 7 8 9,8.0,I-A*,-,1.0,26.0,4.0,0.0,0.0001
101,10.0,0.0,10.0, 3 9 7 1 2 8 6 4 5 0, 0 1 2 3 4 5 6 7 8 9,8.0,MM,436.0,1.0,56.0,12.0,0.0,0.0001
102,10.0,0.0,10.0, 3 9 7 1 2 8 6 4 5 0, 0 1 2 3 4 5 6 7 8 9,8.0,I-MM,-,1.0,111.0,12.0,0.0,0.0001
103,10.0,0.0,10.0, 3 9 7 1 2 8 6 4 5 0, 0 1 2 3 4 5 6 7 8 9,8.0,IDA*,-,1.0,70.0,4.0,0.0,0.0
104,10.0,0.0,10.0, 3 9 7 1 2 8 6 4 5 0, 0 1 2 3 4 5 6 7 8 9,8.0,D-A*,-,1.0,66.0,4.0,0.0,0.0
105,10.0,0.0,10.0, 3 9 7 1 2 8 6 4 5 0, 0 1 2 3 4 5 6 7 8 9,8.0,A*+IDA*(0.90),158,1.0,22.0,72.0,0.0,0.0001
106,10.0,0.0,10.0, 3 9 7 1 2 8 6 4 5 0, 0 1 2 3 4 5 6 7 8 9,8.0,A*+IDA*(0.75),132,1.0,22.0,64.0,0.0,0.0001
107,10.0,0.0,10.0, 3 9 7 1 2 8 6 4 5 0, 0 1 2 3 4 5 6 7 8 9,8.0,A*+IDA*(0.50),88,1.0,22.0,52.0,0.0,0.0
108,10.0,0.0,10.0, 3 9 7 1 2 8 6 4 5 0, 0 1 2 3 4 5 6 7 8 9,8.0,A*+IDA*(0.25),44,1.0,14.0,36.0,0.0,0.0
109,10.0,0.0,10.0, 3 9 7 1 2 8 6 4 5 0, 0 1 2 3 4 5 6 7 8 9,8.0,A*+IDA*(0.10),17,1.0,25.0,16.0,0.0,0.0
110,10.0,1.0,1.0, 6 5 0 7 3 2 4 9 8 1, 0 1 2 3 4 5 6 7 8 9,5.0,A*,1566.0,1.0,206.0,205.0,0.0,0.0006
111,10.0,1.0,1.0, 6 5 0 7 3 2 4 9 8 1, 0 1 2 3 4 5 6 7 8 9,5.0,I-A*,-,1.0,434.0,205.0,0.0,0.0006
112,10.0,1.0,1.0, 6 5 0 7 3 2 4 9 8 1, 0 1 2 3 4 5 6 7 8 9,5.0,MM,1081.0,1.0,159.0,159.0,0.0,0.0004
113,10.0,1.0,1.0, 6 5 0 7 3 2 4 9 8 1, 0 1 2 3 4 5 6 7 8 9,5.0,I-MM,-,1.0,256.0,159.0,0.0,0.0004
114,10.0,1.0,1.0, 6 5 0 7 3 2 4 9 8 1, 0 1 2 3 4 5 6 7 8 9,5.0,IDA*,-,1.0,1511.0,242.0,0.0,0.001
115,10.0,1.0,1.0, 6 5 0 7 3 2 4 9 8 1, 0 1 2 3 4 5 6 7 8 9,5.0,D-A*,-,1.0,1349.0,242.0,0.0,0.001
116,10.0,1.0,1.0, 6 5 0 7 3 2 4 9 8 1, 0 1 2 3 4 5 6 7 8 9,5.0,A*+IDA*(0.90),972,1.0,207.0,505.0,0.0,0.0012
117,10.0,1.0,1.0, 6 5 0 7 3 2 4 9 8 1, 0 1 2 3 4 5 6 7 8 9,5.0,A*+IDA*(0.75),810,1.0,208.0,466.0,0.0,0.0009
118,10.0,1.0,1.0, 6 5 0 7 3 2 4 9 8 1, 0 1 2 3 4 5 6 7 8 9,5.0,A*+IDA*(0.50),540,1.0,208.0,394.0,0.0,0.0006
119,10.0,1.0,1.0, 6 5 0 7 3 2 4 9 8 1, 0 1 2 3 4 5 6 7 8 9,5.0,A*+IDA*(0.25),270,1.0,210.0,343.0,0.0,0.0004
120,10.0,1.0,1.0, 6 5 0 7 3 2 4 9 8 1, 0 1 2 3 4 5 6 7 8 9,5.0,A*+IDA*(0.10),108,1.0,231.0,279.0,0.0,0.0003
121,10.0,1.0,2.0, 1 7 3 9 5 4 8 2 6 0, 0 1 2 3 4 5 6 7 8 9,8.0,A*,1807.0,1.0,244.0,6.0,0.0,0.0009
122,10.0,1.0,2.0, 1 7 3 9 5 4 8 2 6 0, 0 1 2 3 4 5 6 7 8 9,8.0,I-A*,-,1.0,250.0,6.0,0.0,0.0009
123,10.0,1.0,2.0, 1 7 3 9 5 4 8 2 6 0, 0 1 2 3 4 5 6 7 8 9,8.0,MM,1890.0,1.0,245.0,72.0,0.0,0.001
124,10.0,1.0,2.0, 1 7 3 9 5 4 8 2 6 0, 0 1 2 3 4 5 6 7 8 9,8.0,I-MM,-,1.0,481.0,72.0,0.0,0.001
125,10.0,1.0,2.0, 1 7 3 9 5 4 8 2 6 0, 0 1 2 3 4 5 6 7 8 9,8.0,IDA*,-,1.0,66.0,6.0,0.0,0.0001
126,10.0,1.0,2.0, 1 7 3 9 5 4 8 2 6 0, 0 1 2 3 4 5 6 7 8 9,8.0,D-A*,-,1.0,65.0,6.0,0.0,0.0001
127,10.0,1.0,2.0, 1 7 3 9 5 4 8 2 6 0, 0 1 2 3 4 5 6 7 8 9,8.0,A*+IDA*(0.90),1626,1.0,353.0,842.0,0.0,0.002
128,10.0,1.0,2.0, 1 7 3 9 5 4 8 2 6 0, 0 1 2 3 4 5 6 7 8 9,8.0,A*+IDA*(0.75),1355,1.0,436.0,686.0,0.0,0.0013
129,10.0,1.0,2.0, 1 7 3 9 5 4 8 2 6 0, 0 1 2 3 4 5 6 7 8 9,8.0,A*+IDA*(0.50),903,1.0,422.0,444.0,0.0,0.001
130,10.0,1.0,2.0, 1 7 3 9 5 4 8 2 6 0, 0 1 2 3 4 5 6 7 8 9,8.0,A*+IDA*(0.25),451,1.0,269.0,219.0,0.0,0.0005
131,10.0,1.0,2.0, 1 7 3 9 5 4 8 2 6 0, 0 1 2 3 4 5 6 7 8 9,8.0,A*+IDA*(0.10),180,1.0,422.0,91.0,0.0,0.0006
132,10.0,1.0,3.0, 1 8 2 4 6 9 7 5 0 3, 0 1 2 3 4 5 6 7 8 9,8.0,A*,2519.0,1.0,356.0,356.0,0.0,0.0015
133,10.0,1.0,3.0, 1 8 2 4 6 9 7 5 0 3, 0 1 2 3 4 5 6 7 8 9,8.0,I-A*,-,1.0,729.0,356.0,0.0,0.0015
134,10.0,1.0,3.0, 1 8 2 4 6 9 7 5 0 3, 0 1 2 3 4 5 6 7 8 9,8.0,MM,1360.0,1.0,304.0,304.0,0.0,0.001
135,10.0,1.0,3.0, 1 8 2 4 6 9 7 5 0 3, 0 1 2 3 4 5 6 7 8 9,8.0,I-MM,-,1.0,536.0,304.0,0.0,0.001
136,10.0,1.0,3.0, 1 8 2 4 6 9 7 5 0 3, 0 1 2 3 4 5 6 7 8 9,8.0,IDA*,-,1.0,1639.0,467.0,0.0,0.0009
137,10.0,1.0,3.0, 1 8 2 4 6 9 7 5 0 3, 0 1 2 3 4 5 6 7 8 9,8.0,D-A*,-,1.0,1570.0,467.0,0.0,0.0009
138,10.0,1.0,3.0, 1 8 2 4 6 9 7 5 0 3, 0 1 2 3 4 5 6 7 8 9,8.0,A*+IDA*(0.90),1224,1.0,366.0,728.0,0.0,0.0011
139,10.0,1.0,3.0, 1 8 2 4 6 9 7 5 0 3, 0 1 2 3 4 5 6 7 8 9,8.0,A*+IDA*(0.75),1020,1.0,370.0,664.0,0.0,0.0009
140,10.0,1.0,3.0, 1 8 2 4 6 9 7 5 0 3, 0 1 2 3 4 5 6 7 8 9,8.0,A*+IDA*(0.50),680,1.0,399.0,608.0,0.0,0.0006
141,10.0,1.0,3.0, 1 8 2 4 6 9 7 5 0 3, 0 1 2 3 4 5 6 7 8 9,8.0,A*+IDA*(0.25),340,1.0,409.0,530.0,0.0,0.0005
142,10.0,1.0,3.0, 1 8 2 4 6 9 7 5 0 3, 0 1 2 3 4 5 6 7 8 9,8.0,A*+IDA*(0.10),136,1.0,431.0,469.0,0.0,0.0004
143,10.0,1.0,4.0, 0 7 1 5 4 2 3 8 9 6, 0 1 2 3 4 5 6 7 8 9,6.0,A*,194.0,1.0,24.0,24.0,0.0,0.0001
144,10.0,1.0,4.0, 0 7 1 5 4 2 3 8 9 6, 0 1 2 3 4 5 6 7 8 9,6.0,I-A*,-,1.0,48.0,24.0,0.0,0.0001
145,10.0,1.0,4.0, 0 7 1 5 4 2 3 8 9 6, 0 1 2 3 4 5 6 7 8 9,6.0,MM,369.0,1.0,46.0,26.0,0.0,0.0001
146,10.0,1.0,4.0, 0 7 1 5 4 2 3 8 9 6, 0 1 2 3 4 5 6 7 8 9,6.0,I-MM,-,1.0,82.0,26.0,0.0,0.0001
147,10.0,1.0,4.0, 0 7 1 5 4 2 3 8 9 6, 0 1 2 3 4 5 6 7 8 9,6.0,IDA*,-,1.0,235.0,24.0,0.0,0.0001
148,10.0,1.0,4.0, 0 7 1 5 4 2 3 8 9 6, 0 1 2 3 4 5 6 7 8 9,6.0,D-A*,-,1.0,211.0,24.0,0.0,0.0001
149,10.0,1.0,4.0, 0 7 1 5 4 2 3 8 9 6, 0 1 2 3 4 5 6 7 8 9,6.0,A*+IDA*(0.90),174,1.0,24.0,79.0,0.0,0.0001
150,10.0,1.0,4.0, 0 7 1 5 4 2 3 8 9 6, 0 1 2 3 4 5 6 7 8 9,6.0,A*+IDA*(0.75),145,1.0,24.0,69.0,0.0,0.0002
151,10.0,1.0,4.0, 0 7 1 5 4 2 3 8 9 6, 0 1 2 3 4 5 6 7 8 9,6.0,A*+IDA*(0.50),97,1.0,40.0,56.0,0.0,0.0001
152,10.0,1.0,4.0, 0 7 1 5 4 2 3 8 9 6, 0 1 2 3 4 5 6 7 8 9,6.0,A*+IDA*(0.25),48,1.0,69.0,45.0,0.0,0.0001
153,10.0,1.0,4.0, 0 7 1 5 4 2 3 8 9 6, 0 1 2 3 4 5 6 7 8 9,6.0,A*+IDA*(0.10),19,1.0,193.0,39.0,0.0,0.0002
154,10.0,1.0,5.0, 0 2 3 7 4 5 6 9 1 8, 0 1 2 3 4 5 6 7 8 9,6.0,A*,162.0,1.0,20.0,20.0,0.0,0.0001
155,10.0,1.0,5.0, 0 2 3 7 4 5 6 9 1 8, 0 1 2 3 4 5 6 7 8 9,6.0,I-A*,-,1.0,40.0,20.0,0.0,0.0001
156,10.0,1.0,5.0, 0 2 3 7 4 5 6 9 1 8, 0 1 2 3 4 5 6 7 8 9,6.0,MM,314.0,1.0,39.0,26.0,0.0,0.0001
157,10.0,1.0,5.0, 0 2 3 7 4 5 6 9 1 8, 0 1 2 3 4 5 6 7 8 9,6.0,I-MM,-,1.0,77.0,26.0,0.0,0.0001
158,10.0,1.0,5.0, 0 2 3 7 4 5 6 9 1 8, 0 1 2 3 4 5 6 7 8 9,6.0,IDA*,-,1.0,71.0,20.0,0.0,0.0
159,10.0,1.0,5.0, 0 2 3 7 4 5 6 9 1 8, 0 1 2 3 4 5 6 7 8 9,6.0,D-A*,-,1.0,63.0,20.0,0.0,0.0
160,10.0,1.0,5.0, 0 2 3 7 4 5 6 9 1 8, 0 1 2 3 4 5 6 7 8 9,6.0,A*+IDA*(0.90),145,1.0,20.0,65.0,0.0,0.0001
161,10.0,1.0,5.0, 0 2 3 7 4 5 6 9 1 8, 0 1 2 3 4 5 6 7 8 9,6.0,A*+IDA*(0.75),121,1.0,20.0,58.0,0.0,0.0001
162,10.0,1.0,5.0, 0 2 3 7 4 5 6 9 1 8, 0 1 2 3 4 5 6 7 8 9,6.0,A*+IDA*(0.50),81,1.0,93.0,54.0,0.0,0.0001
163,10.0,1.0,5.0, 0 2 3 7 4 5 6 9 1 8, 0 1 2 3 4 5 6 7 8 9,6.0,A*+IDA*(0.25),40,1.0,108.0,41.0,0.0,0.0001
164,10.0,1.0,5.0, 0 2 3 7 4 5 6 9 1 8, 0 1 2 3 4 5 6 7 8 9,6.0,A*+IDA*(0.10),16,1.0,123.0,32.0,0.0,0.0001
165,10.0,1.0,6.0, 3 1 2 7 4 0 8 9 5 6, 0 1 2 3 4 5 6 7 8 9,5.0,A*,1923.0,1.0,266.0,266.0,0.0,0.0006
166,10.0,1.0,6.0, 3 1 2 7 4 0 8 9 5 6, 0 1 2 3 4 5 6 7 8 9,5.0,I-A*,-,1.0,575.0,266.0,0.0,0.0006
167,10.0,1.0,6.0, 3 1 2 7 4 0 8 9 5 6, 0 1 2 3 4 5 6 7 8 9,5.0,MM,648.0,1.0,246.0,246.0,0.0,0.0004
168,10.0,1.0,6.0, 3 1 2 7 4 0 8 9 5 6, 0 1 2 3 4 5 6 7 8 9,5.0,I-MM,-,1.0,362.0,246.0,0.0,0.0004
169,10.0,1.0,6.0, 3 1 2 7 4 0 8 9 5 6, 0 1 2 3 4 5 6 7 8 9,5.0,IDA*,-,1.0,787.0,355.0,0.0,0.0004
170,10.0,1.0,6.0, 3 1 2 7 4 0 8 9 5 6, 0 1 2 3 4 5 6 7 8 9,5.0,D-A*,-,1.0,697.0,355.0,0.0,0.0004
171,10.0,1.0,6.0, 3 1 2 7 4 0 8 9 5 6, 0 1 2 3 4 5 6 7 8 9,5.0,A*+IDA*(0.90),583,1.0,276.0,516.0,0.0,0.0004
172,10.0,1.0,6.0, 3 1 2 7 4 0 8 9 5 6, 0 1 2 3 4 5 6 7 8 9,5.0,A*+IDA*(0.75),486,1.0,282.0,519.0,0.0,0.0004
173,10.0,1.0,6.0, 3 1 2 7 4 0 8 9 5 6, 0 1 2 3 4 5 6 7 8 9,5.0,A*+IDA*(0.50),324,1.0,305.0,388.0,0.0,0.0004
174,10.0,1.0,6.0, 3 1 2 7 4 0 8 9 5 6, 0 1 2 3 4 5 6 7 8 9,5.0,A*+IDA*(0.25),162,1.0,331.0,379.0,0.0,0.0004
175,10.0,1.0,6.0, 3 1 2 7 4 0 8 9 5 6, 0 1 2 3 4 5 6 7 8 9,5.0,A*+IDA*(0.10),64,1.0,381.0,368.0,0.0,0.0004
176,10.0,1.0,7.0, 4 9 3 6 0 5 2 1 7 8, 0 1 2 3 4 5 6 7 8 9,6.0,A*,4568.0,1.0,659.0,657.0,0.0,0.0018
177,10.0,1.0,7.0, 4 9 3 6 0 5 2 1 7 8, 0 1 2 3 4 5 6 7 8 9,6.0,I-A*,-,1.0,1388.0,657.0,0.0,0.0018
178,10.0,1.0,7.0, 4 9 3 6 0 5 2 1 7 8, 0 1 2 3 4 5 6 7 8 9,6.0,MM,4116.0,1.0,550.0,413.0,0.0,0.0014
179,10.0,1.0,7.0, 4 9 3 6 0 5 2 1 7 8, 0 1 2 3 4 5 6 7 8 9,6.0,I-MM,-,1.0,1065.0,413.0,0.0,0.0014
180,10.0,1.0,7.0, 4 9 3 6 0 5 2 1 7 8, 0 1 2 3 4 5 6 7 8 9,6.0,IDA*,-,1.0,1445.0,1050.0,0.0,0.0008
181,10.0,1.0,7.0, 4 9 3 6 0 5 2 1 7 8, 0 1 2 3 4 5 6 7 8 9,6.0,D-A*,-,1.0,1315.0,1050.0,0.0,0.0008
182,10.0,1.0,7.0, 4 9 3 6 0 5 2 1 7 8, 0 1 2 3 4 5 6 7 8 9,6.0,A*+IDA*(0.90),3704,1.0,657.0,1704.0,0.0,0.0027
183,10.0,1.0,7.0, 4 9 3 6 0 5 2 1 7 8, 0 1 2 3 4 5 6 7 8 9,6.0,A*+IDA*(0.75),3087,1.0,671.0,1547.0,0.0,0.0024
184,10.0,1.0,7.0, 4 9 3 6 0 5 2 1 7 8, 0 1 2 3 4 5 6 7 8 9,6.0,A*+IDA*(0.50),2058,1.0,685.0,1286.0,0.0,0.0019
185,10.0,1.0,7.0, 4 9 3 6 0 5 2 1 7 8, 0 1 2 3 4 5 6 7 8 9,6.0,A*+IDA*(0.25),1029,1.0,713.0,1137.0,0.0,0.0011
186,10.0,1.0,7.0, 4 9 3 6 0 5 2 1 7 8, 0 1 2 3 4 5 6 7 8 9,6.0,A*+IDA*(0.10),411,1.0,802.0,934.0,0.0,0.0009
187,10.0,1.0,8.0, 6 0 3 9 5 7 1 8 2 4, 0 1 2 3 4 5 6 7 8 9,8.0,A*,26237.0,1.0,4404.0,4404.0,0.0,0.0136
188,10.0,1.0,8.0, 6 0 3 9 5 7 1 8 2 4, 0 1 2 3 4 5 6 7 8 9,8.0,I-A*,-,1.0,9223.0,4404.0,0.0,0.0136
189,10.0,1.0,8.0, 6 0 3 9 5 7 1 8 2 4, 0 1 2 3 4 5 6 7 8 9,8.0,MM,12598.0,1.0,1789.0,1768.0,0.0,0.005
190,10.0,1.0,8.0, 6 0 3 9 5 7 1 8 2 4, 0 1 2 3 4 5 6 7 8 9,8.0,I-MM,-,1.0,4356.0,1768.0,0.0,0.005
191,10.0,1.0,8.0, 6 0 3 9 5 7 1 8 2 4, 0 1 2 3 4 5 6 7 8 9,8.0,IDA*,-,1.0,9872.0,8661.0,0.0,0.0054
192,10.0,1.0,8.0, 6 0 3 9 5 7 1 8 2 4, 0 1 2 3 4 5 6 7 8 9,8.0,D-A*,-,1.0,9278.0,8661.0,0.0,0.0054
193,10.0,1.0,8.0, 6 0 3 9 5 7 1 8 2 4, 0 1 2 3 4 5 6 7 8 9,8.0,A*+IDA*(0.90),11338,1.0,4823.0,8020.0,0.0,0.012
194,10.0,1.0,8.0, 6 0 3 9 5 7 1 8 2 4, 0 1 2 3 4 5 6 7 8 9,8.0,A*+IDA*(0.75),9448,1.0,5010.0,7856.0,0.0,0.0107
195,10.0,1.0,8.0, 6 0 3 9 5 7 1 8 2 4, 0 1 2 3 4 5 6 7 8 9,8.0,A*+IDA*(0.50),6299,1.0,5318.0,7655.0,0.0,0.0078
196,10.0,1.0,8.0, 6 0 3 9 5 7 1 8 2 4, 0 1 2 3 4 5 6 7 8 9,8.0,A*+IDA*(0.25),3149,1.0,5943.0,8005.0,0.0,0.0068
197,10.0,1.0,8.0, 6 0 3 9 5 7 1 8 2 4, 0 1 2 3 4 5 6 7 8 9,8.0,A*+IDA*(0.10),1259,1.0,6986.0,7423.0,0.0,0.0072
198,10.0,1.0,9.0, 3 7 2 8 9 5 1 0 4 6, 0 1 2 3 4 5 6 7 8 9,7.0,A*,98.0,1.0,12.0,12.0,0.0,0.0
199,10.0,1.0,9.0, 3 7 2 8 9 5 1 0 4 6, 0 1 2 3 4 5 6 7 8 9,7.0,I-A*,-,1.0,24.0,12.0,0.0,0.0
200,10.0,1.0,9.0, 3 7 2 8 9 5 1 0 4 6, 0 1 2 3 4 5 6 7 8 9,7.0,MM,293.0,1.0,45.0,45.0,0.0,0.0001
201,10.0,1.0,9.0, 3 7 2 8 9 5 1 0 4 6, 0 1 2 3 4 5 6 7 8 9,7.0,I-MM,-,1.0,84.0,45.0,0.0,0.0001
202,10.0,1.0,9.0, 3 7 2 8 9 5 1 0 4 6, 0 1 2 3 4 5 6 7 8 9,7.0,IDA*,-,1.0,211.0,12.0,0.0,0.0007
203,10.0,1.0,9.0, 3 7 2 8 9 5 1 0 4 6, 0 1 2 3 4 5 6 7 8 9,7.0,D-A*,-,1.0,199.0,12.0,0.0,0.0007
204,10.0,1.0,9.0, 3 7 2 8 9 5 1 0 4 6, 0 1 2 3 4 5 6 7 8 9,7.0,A*+IDA*(0.90),88,1.0,13.0,43.0,0.0,0.0
205,10.0,1.0,9.0, 3 7 2 8 9 5 1 0 4 6, 0 1 2 3 4 5 6 7 8 9,7.0,A*+IDA*(0.75),73,1.0,18.0,42.0,0.0,0.0
206,10.0,1.0,9.0, 3 7 2 8 9 5 1 0 4 6, 0 1 2 3 4 5 6 7 8 9,7.0,A*+IDA*(0.50),49,1.0,50.0,33.0,0.0,0.0001
207,10.0,1.0,9.0, 3 7 2 8 9 5 1 0 4 6, 0 1 2 3 4 5 6 7 8 9,7.0,A*+IDA*(0.25),24,1.0,51.0,27.0,0.0,0.0
208,10.0,1.0,9.0, 3 7 2 8 9 5 1 0 4 6, 0 1 2 3 4 5 6 7 8 9,7.0,A*+IDA*(0.10),9,1.0,89.0,19.0,0.0,0.0001
209,10.0,1.0,10.0, 3 9 7 1 2 8 6 4 5 0, 0 1 2 3 4 5 6 7 8 9,7.0,A*,3802.0,1.0,543.0,221.0,0.0,0.0015
210,10.0,1.0,10.0, 3 9 7 1 2 8 6 4 5 0, 0 1 2 3 4 5 6 7 8 9,7.0,I-A*,-,1.0,767.0,221.0,0.0,0.0015
211,10.0,1.0,10.0, 3 9 7 1 2 8 6 4 5 0, 0 1 2 3 4 5 6 7 8 9,7.0,MM,2195.0,1.0,287.0,249.0,0.0,0.0007
212,10.0,1.0,10.0, 3 9 7 1 2 8 6 4 5 0, 0 1 2 3 4 5 6 7 8 9,7.0,I-MM,-,1.0,641.0,249.0,0.0,0.0007
213,10.0,1.0,10.0, 3 9 7 1 2 8 6 4 5 0, 0 1 2 3 4 5 6 7 8 9,7.0,IDA*,-,1.0,2216.0,277.0,0.0,0.0012
214,10.0,1.0,10.0, 3 9 7 1 2 8 6 4 5 0, 0 1 2 3 4 5 6 7 8 9,7.0,D-A*,-,1.0,2068.0,277.0,0.0,0.0012
215,10.0,1.0,10.0, 3 9 7 1 2 8 6 4 5 0, 0 1 2 3 4 5 6 7 8 9,7.0,A*+IDA*(0.90),1975,1.0,456.0,1419.0,0.0,0.0013
216,10.0,1.0,10.0, 3 9 7 1 2 8 6 4 5 0, 0 1 2 3 4 5 6 7 8 9,7.0,A*+IDA*(0.75),1646,1.0,371.0,1389.0,0.0,0.0009
217,10.0,1.0,10.0, 3 9 7 1 2 8 6 4 5 0, 0 1 2 3 4 5 6 7 8 9,7.0,A*+IDA*(0.50),1097,1.0,375.0,571.0,0.0,0.0007
218,10.0,1.0,10.0, 3 9 7 1 2 8 6 4 5 0, 0 1 2 3 4 5 6 7 8 9,7.0,A*+IDA*(0.25),548,1.0,869.0,423.0,0.0,0.001
219,10.0,1.0,10.0, 3 9 7 1 2 8 6 4 5 0, 0 1 2 3 4 5 6 7 8 9,7.0,A*+IDA*(0.10),219,1.0,552.0,341.0,0.0,0.0006
220,10.0,2.0,1.0, 6 5 0 7 3 2 4 9 8 1, 0 1 2 3 4 5 6 7 8 9,4.0,A*,11088.0,1.0,1697.0,1687.0,0.0,0.0047
221,10.0,2.0,1.0, 6 5 0 7 3 2 4 9 8 1, 0 1 2 3 4 5 6 7 8 9,4.0,I-A*,-,1.0,3609.0,1687.0,0.0,0.0047
222,10.0,2.0,1.0, 6 5 0 7 3 2 4 9 8 1, 0 1 2 3 4 5 6 7 8 9,4.0,MM,3653.0,1.0,583.0,583.0,0.0,0.0012
223,10.0,2.0,1.0, 6 5 0 7 3 2 4 9 8 1, 0 1 2 3 4 5 6 7 8 9,4.0,I-MM,-,1.0,740.0,583.0,0.0,0.0012
224,10.0,2.0,1.0, 6 5 0 7 3 2 4 9 8 1, 0 1 2 3 4 5 6 7 8 9,4.0,IDA*,-,1.0,16182.0,2476.0,0.0,0.0085
225,10.0,2.0,1.0, 6 5 0 7 3 2 4 9 8 1, 0 1 2 3 4 5 6 7 8 9,4.0,D-A*,-,1.0,14390.0,2476.0,0.0,0.0085
226,10.0,2.0,1.0, 6 5 0 7 3 2 4 9 8 1, 0 1 2 3 4 5 6 7 8 9,4.0,A*+IDA*(0.90),3287,1.0,1821.0,3233.0,0.0,0.0028
227,10.0,2.0,1.0, 6 5 0 7 3 2 4 9 8 1, 0 1 2 3 4 5 6 7 8 9,4.0,A*+IDA*(0.75),2739,1.0,1839.0,3175.0,0.0,0.0027
228,10.0,2.0,1.0, 6 5 0 7 3 2 4 9 8 1, 0 1 2 3 4 5 6 7 8 9,4.0,A*+IDA*(0.50),1826,1.0,2450.0,3072.0,0.0,0.0029
229,10.0,2.0,1.0, 6 5 0 7 3 2 4 9 8 1, 0 1 2 3 4 5 6 7 8 9,4.0,A*+IDA*(0.25),913,1.0,12197.0,2531.0,0.0,0.0115
230,10.0,2.0,1.0, 6 5 0 7 3 2 4 9 8 1, 0 1 2 3 4 5 6 7 8 9,4.0,A*+IDA*(0.10),365,1.0,10130.0,2448.0,0.0,0.0095
231,10.0,2.0,2.0, 1 7 3 9 5 4 8 2 6 0, 0 1 2 3 4 5 6 7 8 9,7.0,A*,21996.0,1.0,3488.0,1109.0,0.0,0.0094
232,10.0,2.0,2.0, 1 7 3 9 5 4 8 2 6 0, 0 1 2 3 4 5 6 7 8 9,7.0,I-A*,-,1.0,4665.0,1109.0,0.0,0.0094
233,10.0,2.0,2.0, 1 7 3 9 5 4 8 2 6 0, 0 1 2 3 4 5 6 7 8 9,7.0,MM,6226.0,1.0,843.0,707.0,0.0,0.0019
234,10.0,2.0,2.0, 1 7 3 9 5 4 8 2 6 0, 0 1 2 3 4 5 6 7 8 9,7.0,I-MM,-,1.0,1664.0,707.0,0.0,0.0019
235,10.0,2.0,2.0, 1 7 3 9 5 4 8 2 6 0, 0 1 2 3 4 5 6 7 8 9,7.0,IDA*,-,1.0,2993.0,1458.0,0.0,0.0017
236,10.0,2.0,2.0, 1 7 3 9 5 4 8 2 6 0, 0 1 2 3 4 5 6 7 8 9,7.0,D-A*,-,1.0,2868.0,1458.0,0.0,0.0017
237,10.0,2.0,2.0, 1 7 3 9 5 4 8 2 6 0, 0 1 2 3 4 5 6 7 8 9,7.0,A*+IDA*(0.90),5603,1.0,15268.0,3122.0,0.0,0.0174
238,10.0,2.0,2.0, 1 7 3 9 5 4 8 2 6 0, 0 1 2 3 4 5 6 7 8 9,7.0,A*+IDA*(0.75),4669,1.0,15466.0,2780.0,0.0,0.0168
239,10.0,2.0,2.0, 1 7 3 9 5 4 8 2 6 0, 0 1 2 3 4 5 6 7 8 9,7.0,A*+IDA*(0.50),3113,1.0,17635.0,2219.0,0.0,0.0178
240,10.0,2.0,2.0, 1 7 3 9 5 4 8 2 6 0, 0 1 2 3 4 5 6 7 8 9,7.0,A*+IDA*(0.25),1556,1.0,18232.0,1840.0,0.0,0.0175
241,10.0,2.0,2.0, 1 7 3 9 5 4 8 2 6 0, 0 1 2 3 4 5 6 7 8 9,7.0,A*+IDA*(0.10),622,1.0,20687.0,1766.0,0.0,0.0199
242,10.0,2.0,3.0, 1 8 2 4 6 9 7 5 0 3, 0 1 2 3 4 5 6 7 8 9,7.0,A*,50419.0,1.0,8766.0,8714.0,0.0,0.0249
243,10.0,2.0,3.0, 1 8 2 4 6 9 7 5 0 3, 0 1 2 3 4 5 6 7 8 9,7.0,I-A*,-,1.0,18413.0,8714.0,0.0,0.0249
244,10.0,2.0,3.0, 1 8 2 4 6 9 7 5 0 3, 0 1 2 3 4 5 6 7 8 9,7.0,MM,17644.0,1.0,3940.0,3940.0,0.0,0.0078
245,10.0,2.0,3.0, 1 8 2 4 6 9 7 5 0 3, 0 1 2 3 4 5 6 7 8 9,7.0,I-MM,-,1.0,5188.0,3940.0,0.0,0.0078
246,10.0,2.0,3.0, 1 8 2 4 6 9 7 5 0 3, 0 1 2 3 4 5 6 7 8 9,7.0,IDA*,-,1.0,44419.0,15934.0,0.0,0.0245
247,10.0,2.0,3.0, 1 8 2 4 6 9 7 5 0 3, 0 1 2 3 4 5 6 7 8 9,7.0,D-A*,-,1.0,41403.0,15934.0,0.0,0.0245
248,10.0,2.0,3.0, 1 8 2 4 6 9 7 5 0 3, 0 1 2 3 4 5 6 7 8 9,7.0,A*+IDA*(0.90),15879,1.0,9906.0,15641.0,0.0,0.0184
249,10.0,2.0,3.0, 1 8 2 4 6 9 7 5 0 3, 0 1 2 3 4 5 6 7 8 9,7.0,A*+IDA*(0.75),13233,1.0,10101.0,15320.0,0.0,0.0151
250,10.0,2.0,3.0, 1 8 2 4 6 9 7 5 0 3, 0 1 2 3 4 5 6 7 8 9,7.0,A*+IDA*(0.50),8822,1.0,10645.0,15276.0,0.0,0.0137
251,10.0,2.0,3.0, 1 8 2 4 6 9 7 5 0 3, 0 1 2 3 4 5 6 7 8 9,7.0,A*+IDA*(0.25),4411,1.0,12972.0,13735.0,0.0,0.0148
252,10.0,2.0,3.0, 1 8 2 4 6 9 7 5 0 3, 0 1 2 3 4 5 6 7 8 9,7.0,A*+IDA*(0.10),1764,1.0,14477.0,14359.0,0.0,0.0145
253,10.0,2.0,4.0, 0 7 1 5 4 2 3 8 9 6, 0 1 2 3 4 5 6 7 8 9,4.0,A*,3638.0,1.0,513.0,493.0,0.0,0.0011
254,10.0,2.0,4.0, 0 7 1 5 4 2 3 8 9 6, 0 1 2 3 4 5 6 7 8 9,4.0,I-A*,-,1.0,1085.0,493.0,0.0,0.0011
255,10.0,2.0,4.0, 0 7 1 5 4 2 3 8 9 6, 0 1 2 3 4 5 6 7 8 9,4.0,MM,1537.0,1.0,194.0,158.0,0.0,0.0005
256,10.0,2.0,4.0, 0 7 1 5 4 2 3 8 9 6, 0 1 2 3 4 5 6 7 8 9,4.0,I-MM,-,1.0,353.0,158.0,0.0,0.0005
257,10.0,2.0,4.0, 0 7 1 5 4 2 3 8 9 6, 0 1 2 3 4 5 6 7 8 9,4.0,IDA*,-,1.0,4886.0,657.0,0.0,0.0025
258,10.0,2.0,4.0, 0 7 1 5 4 2 3 8 9 6, 0 1 2 3 4 5 6 7 8 9,4.0,D-A*,-,1.0,4230.0,657.0,0.0,0.0025
259,10.0,2.0,4.0, 0 7 1 5 4 2 3 8 9 6, 0 1 2 3 4 5 6 7 8 9,4.0,A*+IDA*(0.90),1383,1.0,1181.0,1018.0,0.0,0.0016
260,10.0,2.0,4.0, 0 7 1 5 4 2 3 8 9 6, 0 1 2 3 4 5 6 7 8 9,4.0,A*+IDA*(0.75),1152,1.0,1413.0,987.0,0.0,0.0017
261,10.0,2.0,4.0, 0 7 1 5 4 2 3 8 9 6, 0 1 2 3 4 5 6 7 8 9,4.0,A*+IDA*(0.50),768,1.0,1021.0,977.0,0.0,0.0012
262,10.0,2.0,4.0, 0 7 1 5 4 2 3 8 9 6, 0 1 2 3 4 5 6 7 8 9,4.0,A*+IDA*(0.25),384,1.0,3799.0,692.0,0.0,0.0037
263,10.0,2.0,4.0, 0 7 1 5 4 2 3 8 9 6, 0 1 2 3 4 5 6 7 8 9,4.0,A*+IDA*(0.10),153,1.0,4741.0,685.0,0.0,0.0044
264,10.0,2.0,5.0, 0 2 3 7 4 5 6 9 1 8, 0 1 2 3 4 5 6 7 8 9,4.0,A*,4023.0,1.0,580.0,529.0,0.0,0.0013
265,10.0,2.0,5.0, 0 2 3 7 4 5 6 9 1 8, 0 1 2 3 4 5 6 7 8 9,4.0,I-A*,-,1.0,1200.0,529.0,0.0,0.0013
266,10.0,2.0,5.0, 0 2 3 7 4 5 6 9 1 8, 0 1 2 3 4 5 6 7 8 9,4.0,MM,2914.0,1.0,389.0,220.0,0.0,0.0011
267,10.0,2.0,5.0, 0 2 3 7 4 5 6 9 1 8, 0 1 2 3 4 5 6 7 8 9,4.0,I-MM,-,1.0,520.0,220.0,0.0,0.0011
268,10.0,2.0,5.0, 0 2 3 7 4 5 6 9 1 8, 0 1 2 3 4 5 6 7 8 9,4.0,IDA*,-,1.0,1923.0,745.0,0.0,0.0013
269,10.0,2.0,5.0, 0 2 3 7 4 5 6 9 1 8, 0 1 2 3 4 5 6 7 8 9,4.0,D-A*,-,1.0,1686.0,745.0,0.0,0.0013
270,10.0,2.0,5.0, 0 2 3 7 4 5 6 9 1 8, 0 1 2 3 4 5 6 7 8 9,4.0,A*+IDA*(0.90),2622,1.0,569.0,1336.0,0.0,0.0015
271,10.0,2.0,5.0, 0 2 3 7 4 5 6 9 1 8, 0 1 2 3 4 5 6 7 8 9,4.0,A*+IDA*(0.75),2185,1.0,570.0,1225.0,0.0,0.0012
272,10.0,2.0,5.0, 0 2 3 7 4 5 6 9 1 8, 0 1 2 3 4 5 6 7 8 9,4.0,A*+IDA*(0.50),1457,1.0,573.0,1106.0,0.0,0.001
273,10.0,2.0,5.0, 0 2 3 7 4 5 6 9 1 8, 0 1 2 3 4 5 6 7 8 9,4.0,A*+IDA*(0.25),728,1.0,626.0,1077.0,0.0,0.0009
274,10.0,2.0,5.0, 0 2 3 7 4 5 6 9 1 8, 0 1 2 3 4 5 6 7 8 9,4.0,A*+IDA*(0.10),291,1.0,4837.0,792.0,0.0,0.0047
275,10.0,2.0,6.0, 3 1 2 7 4 0 8 9 5 6, 0 1 2 3 4 5 6 7 8 9,4.0,A*,11317.0,1.0,1777.0,1752.0,0.0,0.0039
276,10.0,2.0,6.0, 3 1 2 7 4 0 8 9 5 6, 0 1 2 3 4 5 6 7 8 9,4.0,I-A*,-,1.0,3839.0,1752.0,0.0,0.0039
277,10.0,2.0,6.0, 3 1 2 7 4 0 8 9 5 6, 0 1 2 3 4 5 6 7 8 9,4.0,MM,3835.0,1.0,737.0,737.0,0.0,0.0015
278,10.0,2.0,6.0, 3 1 2 7 4 0 8 9 5 6, 0 1 2 3 4 5 6 7 8 9,4.0,I-MM,-,1.0,914.0,737.0,0.0,0.0015
279,10.0,2.0,6.0, 3 1 2 7 4 0 8 9 5 6, 0 1 2 3 4 5 6 7 8 9,4.0,IDA*,-,1.0,6036.0,2912.0,0.0,0.0032
280,10.0,2.0,6.0, 3 1 2 7 4 0 8 9 5 6, 0 1 2 3 4 5 6 7 8 9,4.0,D-A*,-,1.0,5326.0,2912.0,0.0,0.0032
281,10.0,2.0,6.0, 3 1 2 7 4 0 8 9 5 6, 0 1 2 3 4 5 6 7 8 9,4.0,A*+IDA*(0.90),3451,1.0,1961.0,3476.0,0.0,0.0031
282,10.0,2.0,6.0, 3 1 2 7 4 0 8 9 5 6, 0 1 2 3 4 5 6 7 8 9,4.0,A*+IDA*(0.75),2876,1.0,1978.0,3407.0,0.0,0.0028
283,10.0,2.0,6.0, 3 1 2 7 4 0 8 9 5 6, 0 1 2 3 4 5 6 7 8 9,4.0,A*+IDA*(0.50),1917,1.0,2107.0,2687.0,0.0,0.0027
284,10.0,2.0,6.0, 3 1 2 7 4 0 8 9 5 6, 0 1 2 3 4 5 6 7 8 9,4.0,A*+IDA*(0.25),958,1.0,2387.0,2723.0,0.0,0.0026
285,10.0,2.0,6.0, 3 1 2 7 4 0 8 9 5 6, 0 1 2 3 4 5 6 7 8 9,4.0,A*+IDA*(0.10),383,1.0,2629.0,2839.0,0.0,0.0025
286,10.0,2.0,7.0, 4 9 3 6 0 5 2 1 7 8, 0 1 2 3 4 5 6 7 8 9,5.0,A*,26656.0,1.0,4527.0,4449.0,0.0,0.0102
287,10.0,2.0,7.0, 4 9 3 6 0 5 2 1 7 8, 0 1 2 3 4 5 6 7 8 9,5.0,I-A*,-,1.0,9687.0,4449.0,0.0,0.0102
288,10.0,2.0,7.0, 4 9 3 6 0 5 2 1 7 8, 0 1 2 3 4 5 6 7 8 9,5.0,MM,6737.0,1.0,938.0,924.0,0.0,0.0021
289,10.0,2.0,7.0, 4 9 3 6 0 5 2 1 7 8, 0 1 2 3 4 5 6 7 8 9,5.0,I-MM,-,1.0,2035.0,924.0,0.0,0.0021
290,10.0,2.0,7.0, 4 9 3 6 0 5 2 1 7 8, 0 1 2 3 4 5 6 7 8 9,5.0,IDA*,-,1.0,12576.0,9758.0,0.0,0.0066
291,10.0,2.0,7.0, 4 9 3 6 0 5 2 1 7 8, 0 1 2 3 4 5 6 7 8 9,5.0,D-A*,-,1.0,11261.0,9758.0,0.0,0.0066
292,10.0,2.0,7.0, 4 9 3 6 0 5 2 1 7 8, 0 1 2 3 4 5 6 7 8 9,5.0,A*+IDA*(0.90),6063,1.0,5336.0,8438.0,0.0,0.0074
293,10.0,2.0,7.0, 4 9 3 6 0 5 2 1 7 8, 0 1 2 3 4 5 6 7 8 9,5.0,A*+IDA*(0.75),5052,1.0,5424.0,8584.0,0.0,0.007
294,10.0,2.0,7.0, 4 9 3 6 0 5 2 1 7 8, 0 1 2 3 4 5 6 7 8 9,5.0,A*+IDA*(0.50),3368,1.0,6096.0,7027.0,0.0,0.0072
295,10.0,2.0,7.0, 4 9 3 6 0 5 2 1 7 8, 0 1 2 3 4 5 6 7 8 9,5.0,A*+IDA*(0.25),1684,1.0,7099.0,7594.0,0.0,0.0072
296,10.0,2.0,7.0, 4 9 3 6 0 5 2 1 7 8, 0 1 2 3 4 5 6 7 8 9,5.0,A*+IDA*(0.10),673,1.0,8040.0,8361.0,0.0,0.0078
297,10.0,2.0,8.0, 6 0 3 9 5 7 1 8 2 4, 0 1 2 3 4 5 6 7 8 9,6.0,A*,270150.0,1.0,62519.0,62504.0,0.0,0.2634
298,10.0,2.0,8.0, 6 0 3 9 5 7 1 8 2 4, 0 1 2 3 4 5 6 7 8 9,6.0,I-A*,-,1.0,138292.0,62504.0,0.0,0.2634
299,10.0,2.0,8.0, 6 0 3 9 5 7 1 8 2 4, 0 1 2 3 4 5 6 7 8 9,6.0,MM,70004.0,1.0,11428.0,9747.0,0.0,0.0283
300,10.0,2.0,8.0, 6 0 3 9 5 7 1 8 2 4, 0 1 2 3 4 5 6 7 8 9,6.0,I-MM,-,1.0,20729.0,9747.0,0.0,0.0283
301,10.0,2.0,8.0, 6 0 3 9 5 7 1 8 2 4, 0 1 2 3 4 5 6 7 8 9,6.0,IDA*,-,1.0,337805.0,294165.0,0.0,0.182
302,10.0,2.0,8.0, 6 0 3 9 5 7 1 8 2 4, 0 1 2 3 4 5 6 7 8 9,6.0,D-A*,-,1.0,306687.0,294165.0,0.0,0.182
303,10.0,2.0,8.0, 6 0 3 9 5 7 1 8 2 4, 0 1 2 3 4 5 6 7 8 9,6.0,A*+IDA*(0.90),63003,1.0,87188.0,107025.0,0.0,0.1558
304,10.0,2.0,8.0, 6 0 3 9 5 7 1 8 2 4, 0 1 2 3 4 5 6 7 8 9,6.0,A*+IDA*(0.75),52503,1.0,98126.0,113706.0,0.0,0.1315
305,10.0,2.0,8.0, 6 0 3 9 5 7 1 8 2 4, 0 1 2 3 4 5 6 7 8 9,6.0,A*+IDA*(0.50),35002,1.0,123142.0,133876.0,0.0,0.1473
306,10.0,2.0,8.0, 6 0 3 9 5 7 1 8 2 4, 0 1 2 3 4 5 6 7 8 9,6.0,A*+IDA*(0.25),17501,1.0,155542.0,163001.0,0.0,0.1629
307,10.0,2.0,8.0, 6 0 3 9 5 7 1 8 2 4, 0 1 2 3 4 5 6 7 8 9,6.0,A*+IDA*(0.10),7000,1.0,196194.0,198559.0,0.0,0.199
308,10.0,2.0,9.0, 3 7 2 8 9 5 1 0 4 6, 0 1 2 3 4 5 6 7 8 9,6.0,A*,1044.0,1.0,139.0,135.0,0.0,0.0003
309,10.0,2.0,9.0, 3 7 2 8 9 5 1 0 4 6, 0 1 2 3 4 5 6 7 8 9,6.0,I-A*,-,1.0,278.0,135.0,0.0,0.0003
310,10.0,2.0,9.0, 3 7 2 8 9 5 1 0 4 6, 0 1 2 3 4 5 6 7 8 9,6.0,MM,2690.0,1.0,437.0,437.0,0.0,0.001
311,10.0,2.0,9.0, 3 7 2 8 9 5 1 0 4 6, 0 1 2 3 4 5 6 7 8 9,6.0,I-MM,-,1.0,568.0,437.0,0.0,0.001
312,10.0,2.0,9.0, 3 7 2 8 9 5 1 0 4 6, 0 1 2 3 4 5 6 7 8 9,6.0,IDA*,-,1.0,2461.0,147.0,0.0,0.0014
313,10.0,2.0,9.0, 3 7 2 8 9 5 1 0 4 6, 0 1 2 3 4 5 6 7 8 9,6.0,D-A*,-,1.0,2318.0,147.0,0.0,0.0014
314,10.0,2.0,9.0, 3 7 2 8 9 5 1 0 4 6, 0 1 2 3 4 5 6 7 8 9,6.0,A*+IDA*(0.90),939,1.0,135.0,521.0,0.0,0.0005
315,10.0,2.0,9.0, 3 7 2 8 9 5 1 0 4 6, 0 1 2 3 4 5 6 7 8 9,6.0,A*+IDA*(0.75),783,1.0,140.0,463.0,0.0,0.0004
316,10.0,2.0,9.0, 3 7 2 8 9 5 1 0 4 6, 0 1 2 3 4 5 6 7 8 9,6.0,A*+IDA*(0.50),522,1.0,139.0,350.0,0.0,0.0003
317,10.0,2.0,9.0, 3 7 2 8 9 5 1 0 4 6, 0 1 2 3 4 5 6 7 8 9,6.0,A*+IDA*(0.25),261,1.0,467.0,253.0,0.0,0.0005
318,10.0,2.0,9.0, 3 7 2 8 9 5 1 0 4 6, 0 1 2 3 4 5 6 7 8 9,6.0,A*+IDA*(0.10),104,1.0,527.0,186.0,0.0,0.0005
319,10.0,2.0,10.0, 3 9 7 1 2 8 6 4 5 0, 0 1 2 3 4 5 6 7 8 9,6.0,A*,41536.0,1.0,7232.0,2231.0,0.0,0.0162
320,10.0,2.0,10.0, 3 9 7 1 2 8 6 4 5 0, 0 1 2 3 4 5 6 7 8 9,6.0,I-A*,-,1.0,9669.0,2231.0,0.0,0.0162
321,10.0,2.0,10.0, 3 9 7 1 2 8 6 4 5 0, 0 1 2 3 4 5 6 7 8 9,6.0,MM,7344.0,1.0,1010.0,842.0,0.0,0.0023
322,10.0,2.0,10.0, 3 9 7 1 2 8 6 4 5 0, 0 1 2 3 4 5 6 7 8 9,6.0,I-MM,-,1.0,1934.0,842.0,0.0,0.0023
323,10.0,2.0,10.0, 3 9 7 1 2 8 6 4 5 0, 0 1 2 3 4 5 6 7 8 9,6.0,IDA*,-,1.0,19764.0,3793.0,0.0,0.0107
324,10.0,2.0,10.0, 3 9 7 1 2 8 6 4 5 0, 0 1 2 3 4 5 6 7 8 9,6.0,D-A*,-,1.0,18123.0,3793.0,0.0,0.0107
325,10.0,2.0,10.0, 3 9 7 1 2 8 6 4 5 0, 0 1 2 3 4 5 6 7 8 9,6.0,A*+IDA*(0.90),6609,1.0,5750.0,4425.0,0.0,0.0081
326,10.0,2.0,10.0, 3 9 7 1 2 8 6 4 5 0, 0 1 2 3 4 5 6 7 8 9,6.0,A*+IDA*(0.75),5508,1.0,4697.0,4202.0,0.0,0.0066
327,10.0,2.0,10.0, 3 9 7 1 2 8 6 4 5 0, 0 1 2 3 4 5 6 7 8 9,6.0,A*+IDA*(0.50),3672,1.0,3899.0,3889.0,0.0,0.0051
328,10.0,2.0,10.0, 3 9 7 1 2 8 6 4 5 0, 0 1 2 3 4 5 6 7 8 9,6.0,A*+IDA*(0.25),1836,1.0,7728.0,3887.0,0.0,0.0079
329,10.0,2.0,10.0, 3 9 7 1 2 8 6 4 5 0, 0 1 2 3 4 5 6 7 8 9,6.0,A*+IDA*(0.10),734,1.0,11565.0,3429.0,0.0,0.0112
330,10.0,3.0,1.0, 6 5 0 7 3 2 4 9 8 1, 0 1 2 3 4 5 6 7 8 9,3.0,A*,48142.0,1.0,8517.0,7821.0,0.0,0.0185
331,10.0,3.0,1.0, 6 5 0 7 3 2 4 9 8 1, 0 1 2 3 4 5 6 7 8 9,3.0,I-A*,-,1.0,17742.0,7821.0,0.0,0.0185
332,10.0,3.0,1.0, 6 5 0 7 3 2 4 9 8 1, 0 1 2 3 4 5 6 7 8 9,3.0,MM,7595.0,1.0,1164.0,1164.0,0.0,0.0025
333,10.0,3.0,1.0, 6 5 0 7 3 2 4 9 8 1, 0 1 2 3 4 5 6 7 8 9,3.0,I-MM,-,1.0,1350.0,1164.0,0.0,0.0025
334,10.0,3.0,1.0, 6 5 0 7 3 2 4 9 8 1, 0 1 2 3 4 5 6 7 8 9,3.0,IDA*,-,1.0,101311.0,15363.0,0.0,0.0521
335,10.0,3.0,1.0, 6 5 0 7 3 2 4 9 8 1, 0 1 2 3 4 5 6 7 8 9,3.0,D-A*,-,1.0,89549.0,15363.0,0.0,0.0521
336,10.0,3.0,1.0, 6 5 0 7 3 2 4 9 8 1, 0 1 2 3 4 5 6 7 8 9,3.0,A*+IDA*(0.90),6835,1.0,17648.0,12943.0,0.0,0.0195
337,10.0,3.0,1.0, 6 5 0 7 3 2 4 9 8 1, 0 1 2 3 4 5 6 7 8 9,3.0,A*+IDA*(0.75),5696,1.0,19163.0,12951.0,0.0,0.0207
338,10.0,3.0,1.0, 6 5 0 7 3 2 4 9 8 1, 0 1 2 3 4 5 6 7 8 9,3.0,A*+IDA*(0.50),3797,1.0,20454.0,13353.0,0.0,0.0206
339,10.0,3.0,1.0, 6 5 0 7 3 2 4 9 8 1, 0 1 2 3 4 5 6 7 8 9,3.0,A*+IDA*(0.25),1898,1.0,34127.0,13774.0,0.0,0.032
340,10.0,3.0,1.0, 6 5 0 7 3 2 4 9 8 1, 0 1 2 3 4 5 6 7 8 9,3.0,A*+IDA*(0.10),759,1.0,69370.0,14321.0,0.0,0.0639
341,10.0,3.0,2.0, 1 7 3 9 5 4 8 2 6 0, 0 1 2 3 4 5 6 7 8 9,5.0,A*,248287.0,1.0,55319.0,17547.0,0.0,0.1616
342,10.0,3.0,2.0, 1 7 3 9 5 4 8 2 6 0, 0 1 2 3 4 5 6 7 8 9,5.0,I-A*,-,1.0,75702.0,17547.0,0.0,0.1616
343,10.0,3.0,2.0, 1 7 3 9 5 4 8 2 6 0, 0 1 2 3 4 5 6 7 8 9,5.0,MM,28989.0,1.0,4654.0,3456.0,0.0,0.0103
344,10.0,3.0,2.0, 1 7 3 9 5 4 8 2 6 0, 0 1 2 3 4 5 6 7 8 9,5.0,I-MM,-,1.0,6113.0,3456.0,0.0,0.0103
345,10.0,3.0,2.0, 1 7 3 9 5 4 8 2 6 0, 0 1 2 3 4 5 6 7 8 9,5.0,IDA*,-,1.0,84454.0,41482.0,0.0,0.0451
346,10.0,3.0,2.0, 1 7 3 9 5 4 8 2 6 0, 0 1 2 3 4 5 6 7 8 9,5.0,D-A*,-,1.0,76799.0,41482.0,0.0,0.0451
347,10.0,3.0,2.0, 1 7 3 9 5 4 8 2 6 0, 0 1 2 3 4 5 6 7 8 9,5.0,A*+IDA*(0.90),26090,1.0,69811.0,32978.0,0.0,0.0856
348,10.0,3.0,2.0, 1 7 3 9 5 4 8 2 6 0, 0 1 2 3 4 5 6 7 8 9,5.0,A*+IDA*(0.75),21741,1.0,104610.0,33139.0,0.0,0.1144
349,10.0,3.0,2.0, 1 7 3 9 5 4 8 2 6 0, 0 1 2 3 4 5 6 7 8 9,5.0,A*+IDA*(0.50),14494,1.0,163174.0,29276.0,0.0,0.1672
350,10.0,3.0,2.0, 1 7 3 9 5 4 8 2 6 0, 0 1 2 3 4 5 6 7 8 9,5.0,A*+IDA*(0.25),7247,1.0,182753.0,31903.0,0.0,0.1757
351,10.0,3.0,2.0, 1 7 3 9 5 4 8 2 6 0, 0 1 2 3 4 5 6 7 8 9,5.0,A*+IDA*(0.10),2898,1.0,262076.0,35841.0,0.0,0.25
352,10.0,3.0,3.0, 1 8 2 4 6 9 7 5 0 3, 0 1 2 3 4 5 6 7 8 9,5.0,A*,353943.0,1.0,85552.0,85035.0,0.0,0.3155
353,10.0,3.0,3.0, 1 8 2 4 6 9 7 5 0 3, 0 1 2 3 4 5 6 7 8 9,5.0,I-A*,-,1.0,191135.0,85035.0,0.0,0.3155
354,10.0,3.0,3.0, 1 8 2 4 6 9 7 5 0 3, 0 1 2 3 4 5 6 7 8 9,5.0,MM,43753.0,1.0,8449.0,8449.0,0.0,0.0176
355,10.0,3.0,3.0, 1 8 2 4 6 9 7 5 0 3, 0 1 2 3 4 5 6 7 8 9,5.0,I-MM,-,1.0,9948.0,8449.0,0.0,0.0176
356,10.0,3.0,3.0, 1 8 2 4 6 9 7 5 0 3, 0 1 2 3 4 5 6 7 8 9,5.0,IDA*,-,1.0,1153092.0,416319.0,0.0,0.5956
357,10.0,3.0,3.0, 1 8 2 4 6 9 7 5 0 3, 0 1 2 3 4 5 6 7 8 9,5.0,D-A*,-,1.0,1039311.0,416319.0,0.0,0.5956
358,10.0,3.0,3.0, 1 8 2 4 6 9 7 5 0 3, 0 1 2 3 4 5 6 7 8 9,5.0,A*+IDA*(0.90),39377,1.0,185446.0,199829.0,0.0,0.2166
359,10.0,3.0,3.0, 1 8 2 4 6 9 7 5 0 3, 0 1 2 3 4 5 6 7 8 9,5.0,A*+IDA*(0.75),32814,1.0,197033.0,210242.0,0.0,0.2132
360,10.0,3.0,3.0, 1 8 2 4 6 9 7 5 0 3, 0 1 2 3 4 5 6 7 8 9,5.0,A*+IDA*(0.50),21876,1.0,219891.0,230170.0,0.0,0.2302
361,10.0,3.0,3.0, 1 8 2 4 6 9 7 5 0 3, 0 1 2 3 4 5 6 7 8 9,5.0,A*+IDA*(0.25),10938,1.0,277306.0,275800.0,0.0,0.2736
362,10.0,3.0,3.0, 1 8 2 4 6 9 7 5 0 3, 0 1 2 3 4 5 6 7 8 9,5.0,A*+IDA*(0.10),4375,1.0,335291.0,333719.0,0.0,0.3133
363,10.0,3.0,4.0, 0 7 1 5 4 2 3 8 9 6, 0 1 2 3 4 5 6 7 8 9,3.0,A*,15692.0,1.0,2502.0,2066.0,0.0,0.0054
364,10.0,3.0,4.0, 0 7 1 5 4 2 3 8 9 6, 0 1 2 3 4 5 6 7 8 9,3.0,I-A*,-,1.0,4957.0,2066.0,0.0,0.0054
365,10.0,3.0,4.0, 0 7 1 5 4 2 3 8 9 6, 0 1 2 3 4 5 6 7 8 9,3.0,MM,3294.0,1.0,433.0,341.0,0.0,0.001
366,10.0,3.0,4.0, 0 7 1 5 4 2 3 8 9 6, 0 1 2 3 4 5 6 7 8 9,3.0,I-MM,-,1.0,619.0,341.0,0.0,0.001
367,10.0,3.0,4.0, 0 7 1 5 4 2 3 8 9 6, 0 1 2 3 4 5 6 7 8 9,3.0,IDA*,-,1.0,24359.0,3214.0,0.0,0.0124
368,10.0,3.0,4.0, 0 7 1 5 4 2 3 8 9 6, 0 1 2 3 4 5 6 7 8 9,3.0,D-A*,-,1.0,21175.0,3214.0,0.0,0.0124
369,10.0,3.0,4.0, 0 7 1 5 4 2 3 8 9 6, 0 1 2 3 4 5 6 7 8 9,3.0,A*+IDA*(0.90),2964,1.0,9922.0,4117.0,0.0,0.0104
370,10.0,3.0,4.0, 0 7 1 5 4 2 3 8 9 6, 0 1 2 3 4 5 6 7 8 9,3.0,A*+IDA*(0.75),2470,1.0,5678.0,4072.0,0.0,0.0061
371,10.0,3.0,4.0, 0 7 1 5 4 2 3 8 9 6, 0 1 2 3 4 5 6 7 8 9,3.0,A*+IDA*(0.50),1647,1.0,6796.0,3121.0,0.0,0.0068
372,10.0,3.0,4.0, 0 7 1 5 4 2 3 8 9 6, 0 1 2 3 4 5 6 7 8 9,3.0,A*+IDA*(0.25),823,1.0,5782.0,3098.0,0.0,0.0055
373,10.0,3.0,4.0, 0 7 1 5 4 2 3 8 9 6, 0 1 2 3 4 5 6 7 8 9,3.0,A*+IDA*(0.10),329,1.0,8529.0,3119.0,0.0,0.0078
374,10.0,3.0,5.0, 0 2 3 7 4 5 6 9 1 8, 0 1 2 3 4 5 6 7 8 9,4.0,A*,7401.0,1.0,1104.0,936.0,0.0,0.0024
375,10.0,3.0,5.0, 0 2 3 7 4 5 6 9 1 8, 0 1 2 3 4 5 6 7 8 9,4.0,I-A*,-,1.0,2153.0,936.0,0.0,0.0024
376,10.0,3.0,5.0, 0 2 3 7 4 5 6 9 1 8, 0 1 2 3 4 5 6 7 8 9,4.0,MM,4438.0,1.0,611.0,365.0,0.0,0.0014
377,10.0,3.0,5.0, 0 2 3 7 4 5 6 9 1 8, 0 1 2 3 4 5 6 7 8 9,4.0,I-MM,-,1.0,782.0,365.0,0.0,0.0014
378,10.0,3.0,5.0, 0 2 3 7 4 5 6 9 1 8, 0 1 2 3 4 5 6 7 8 9,4.0,IDA*,-,1.0,3340.0,1221.0,0.0,0.0018
379,10.0,3.0,5.0, 0 2 3 7 4 5 6 9 1 8, 0 1 2 3 4 5 6 7 8 9,4.0,D-A*,-,1.0,3028.0,1221.0,0.0,0.0018
380,10.0,3.0,5.0, 0 2 3 7 4 5 6 9 1 8, 0 1 2 3 4 5 6 7 8 9,4.0,A*+IDA*(0.90),3994,1.0,955.0,2492.0,0.0,0.0023
381,10.0,3.0,5.0, 0 2 3 7 4 5 6 9 1 8, 0 1 2 3 4 5 6 7 8 9,4.0,A*+IDA*(0.75),3328,1.0,1081.0,2266.0,0.0,0.0022
382,10.0,3.0,5.0, 0 2 3 7 4 5 6 9 1 8, 0 1 2 3 4 5 6 7 8 9,4.0,A*+IDA*(0.50),2219,1.0,1023.0,1951.0,0.0,0.0017
383,10.0,3.0,5.0, 0 2 3 7 4 5 6 9 1 8, 0 1 2 3 4 5 6 7 8 9,4.0,A*+IDA*(0.25),1109,1.0,1078.0,1715.0,0.0,0.0014
384,10.0,3.0,5.0, 0 2 3 7 4 5 6 9 1 8, 0 1 2 3 4 5 6 7 8 9,4.0,A*+IDA*(0.10),443,1.0,9773.0,1318.0,0.0,0.0091
385,10.0,3.0,6.0, 3 1 2 7 4 0 8 9 5 6, 0 1 2 3 4 5 6 7 8 9,3.0,A*,49710.0,1.0,9093.0,8727.0,0.0,0.02
386,10.0,3.0,6.0, 3 1 2 7 4 0 8 9 5 6, 0 1 2 3 4 5 6 7 8 9,3.0,I-A*,-,1.0,19735.0,8727.0,0.0,0.02
387,10.0,3.0,6.0, 3 1 2 7 4 0 8 9 5 6, 0 1 2 3 4 5 6 7 8 9,3.0,MM,5844.0,1.0,1085.0,1085.0,0.0,0.0023
388,10.0,3.0,6.0, 3 1 2 7 4 0 8 9 5 6, 0 1 2 3 4 5 6 7 8 9,3.0,I-MM,-,1.0,1269.0,1085.0,0.0,0.0023
389,10.0,3.0,6.0, 3 1 2 7 4 0 8 9 5 6, 0 1 2 3 4 5 6 7 8 9,3.0,IDA*,-,1.0,43602.0,19470.0,0.0,0.0224
390,10.0,3.0,6.0, 3 1 2 7 4 0 8 9 5 6, 0 1 2 3 4 5 6 7 8 9,3.0,D-A*,-,1.0,38258.0,19470.0,0.0,0.0224
391,10.0,3.0,6.0, 3 1 2 7 4 0 8 9 5 6, 0 1 2 3 4 5 6 7 8 9,3.0,A*+IDA*(0.90),5259,1.0,13789.0,15107.0,0.0,0.0154
392,10.0,3.0,6.0, 3 1 2 7 4 0 8 9 5 6, 0 1 2 3 4 5 6 7 8 9,3.0,A*+IDA*(0.75),4383,1.0,14209.0,15406.0,0.0,0.0152
393,10.0,3.0,6.0, 3 1 2 7 4 0 8 9 5 6, 0 1 2 3 4 5 6 7 8 9,3.0,A*+IDA*(0.50),2922,1.0,15519.0,16030.0,0.0,0.0158
394,10.0,3.0,6.0, 3 1 2 7 4 0 8 9 5 6, 0 1 2 3 4 5 6 7 8 9,3.0,A*+IDA*(0.25),1461,1.0,16540.0,16609.0,0.0,0.0161
395,10.0,3.0,6.0, 3 1 2 7 4 0 8 9 5 6, 0 1 2 3 4 5 6 7 8 9,3.0,A*+IDA*(0.10),584,1.0,18405.0,17764.0,0.0,0.0172
396,10.0,3.0,7.0, 4 9 3 6 0 5 2 1 7 8, 0 1 2 3 4 5 6 7 8 9,4.0,A*,119485.0,1.0,24315.0,23741.0,0.0,0.0703
397,10.0,3.0,7.0, 4 9 3 6 0 5 2 1 7 8, 0 1 2 3 4 5 6 7 8 9,4.0,I-A*,-,1.0,52903.0,23741.0,0.0,0.0703
398,10.0,3.0,7.0, 4 9 3 6 0 5 2 1 7 8, 0 1 2 3 4 5 6 7 8 9,4.0,MM,10046.0,1.0,1428.0,1411.0,0.0,0.0032
399,10.0,3.0,7.0, 4 9 3 6 0 5 2 1 7 8, 0 1 2 3 4 5 6 7 8 9,4.0,I-MM,-,1.0,2880.0,1411.0,0.0,0.0032
400,10.0,3.0,7.0, 4 9 3 6 0 5 2 1 7 8, 0 1 2 3 4 5 6 7 8 9,4.0,IDA*,-,1.0,87770.0,69956.0,0.0,0.0463
401,10.0,3.0,7.0, 4 9 3 6 0 5 2 1 7 8, 0 1 2 3 4 5 6 7 8 9,4.0,D-A*,-,1.0,78139.0,69956.0,0.0,0.0463
402,10.0,3.0,7.0, 4 9 3 6 0 5 2 1 7 8, 0 1 2 3 4 5 6 7 8 9,4.0,A*+IDA*(0.90),9041,1.0,45275.0,47401.0,0.0,0.0481
403,10.0,3.0,7.0, 4 9 3 6 0 5 2 1 7 8, 0 1 2 3 4 5 6 7 8 9,4.0,A*+IDA*(0.75),7534,1.0,47580.0,48645.0,0.0,0.0487
404,10.0,3.0,7.0, 4 9 3 6 0 5 2 1 7 8, 0 1 2 3 4 5 6 7 8 9,4.0,A*+IDA*(0.50),5023,1.0,49699.0,51606.0,0.0,0.0498
405,10.0,3.0,7.0, 4 9 3 6 0 5 2 1 7 8, 0 1 2 3 4 5 6 7 8 9,4.0,A*+IDA*(0.25),2511,1.0,55434.0,56339.0,0.0,0.0535
406,10.0,3.0,7.0, 4 9 3 6 0 5 2 1 7 8, 0 1 2 3 4 5 6 7 8 9,4.0,A*+IDA*(0.10),1004,1.0,61035.0,61329.0,0.0,0.0569
407,10.0,3.0,8.0, 6 0 3 9 5 7 1 8 2 4, 0 1 2 3 4 5 6 7 8 9,4.0,A*,1007472.0,1.0,332537.0,332463.0,0.0,1.5041
408,10.0,3.0,8.0, 6 0 3 9 5 7 1 8 2 4, 0 1 2 3 4 5 6 7 8 9,4.0,I-A*,-,1.0,789793.0,332463.0,0.0,1.5041
409,10.0,3.0,8.0, 6 0 3 9 5 7 1 8 2 4, 0 1 2 3 4 5 6 7 8 9,4.0,MM,57446.0,1.0,9642.0,9628.0,0.0,0.0221
410,10.0,3.0,8.0, 6 0 3 9 5 7 1 8 2 4, 0 1 2 3 4 5 6 7 8 9,4.0,I-MM,-,1.0,20378.0,9628.0,0.0,0.0221
411,10.0,3.0,8.0, 6 0 3 9 5 7 1 8 2 4, 0 1 2 3 4 5 6 7 8 9,4.0,IDA*,-,1.0,5756980.0,4979033.0,0.0,2.9914
412,10.0,3.0,8.0, 6 0 3 9 5 7 1 8 2 4, 0 1 2 3 4 5 6 7 8 9,4.0,D-A*,-,1.0,5105723.0,4979033.0,0.0,2.9914
413,10.0,3.0,8.0, 6 0 3 9 5 7 1 8 2 4, 0 1 2 3 4 5 6 7 8 9,4.0,A*+IDA*(0.90),51701,1.0,1924640.0,1939687.0,0.0,2.1748
414,10.0,3.0,8.0, 6 0 3 9 5 7 1 8 2 4, 0 1 2 3 4 5 6 7 8 9,4.0,A*+IDA*(0.75),43084,1.0,2050764.0,2066513.0,0.0,2.1957
415,10.0,3.0,8.0, 6 0 3 9 5 7 1 8 2 4, 0 1 2 3 4 5 6 7 8 9,4.0,A*+IDA*(0.50),28723,1.0,2335824.0,2351580.0,0.0,2.2837
416,10.0,3.0,8.0, 6 0 3 9 5 7 1 8 2 4, 0 1 2 3 4 5 6 7 8 9,4.0,A*+IDA*(0.25),14361,1.0,3054717.0,3057160.0,0.0,2.8807
417,10.0,3.0,8.0, 6 0 3 9 5 7 1 8 2 4, 0 1 2 3 4 5 6 7 8 9,4.0,A*+IDA*(0.10),5744,1.0,3728886.0,3726097.0,0.0,3.499
418,10.0,3.0,9.0, 3 7 2 8 9 5 1 0 4 6, 0 1 2 3 4 5 6 7 8 9,4.0,A*,22141.0,1.0,3689.0,3411.0,0.0,0.0081
419,10.0,3.0,9.0, 3 7 2 8 9 5 1 0 4 6, 0 1 2 3 4 5 6 7 8 9,4.0,I-A*,-,1.0,7543.0,3411.0,0.0,0.0081
420,10.0,3.0,9.0, 3 7 2 8 9 5 1 0 4 6, 0 1 2 3 4 5 6 7 8 9,4.0,MM,6348.0,1.0,1079.0,1079.0,0.0,0.0022
421,10.0,3.0,9.0, 3 7 2 8 9 5 1 0 4 6, 0 1 2 3 4 5 6 7 8 9,4.0,I-MM,-,1.0,1264.0,1079.0,0.0,0.0022
422,10.0,3.0,9.0, 3 7 2 8 9 5 1 0 4 6, 0 1 2 3 4 5 6 7 8 9,4.0,IDA*,-,1.0,56552.0,5642.0,0.0,0.0293
423,10.0,3.0,9.0, 3 7 2 8 9 5 1 0 4 6, 0 1 2 3 4 5 6 7 8 9,4.0,D-A*,-,1.0,50964.0,5642.0,0.0,0.0293
424,10.0,3.0,9.0, 3 7 2 8 9 5 1 0 4 6, 0 1 2 3 4 5 6 7 8 9,4.0,A*+IDA*(0.90),5713,1.0,34644.0,6474.0,0.0,0.0354
425,10.0,3.0,9.0, 3 7 2 8 9 5 1 0 4 6, 0 1 2 3 4 5 6 7 8 9,4.0,A*+IDA*(0.75),4761,1.0,33617.0,6270.0,0.0,0.0336
426,10.0,3.0,9.0, 3 7 2 8 9 5 1 0 4 6, 0 1 2 3 4 5 6 7 8 9,4.0,A*+IDA*(0.50),3174,1.0,29252.0,6039.0,0.0,0.0279
427,10.0,3.0,9.0, 3 7 2 8 9 5 1 0 4 6, 0 1 2 3 4 5 6 7 8 9,4.0,A*+IDA*(0.25),1587,1.0,33484.0,5141.0,0.0,0.031
428,10.0,3.0,9.0, 3 7 2 8 9 5 1 0 4 6, 0 1 2 3 4 5 6 7 8 9,4.0,A*+IDA*(0.10),634,1.0,30708.0,5430.0,0.0,0.0285
429,10.0,3.0,10.0, 3 9 7 1 2 8 6 4 5 0, 0 1 2 3 4 5 6 7 8 9,5.0,A*,225237.0,1.0,49932.0,12894.0,0.0,0.1437
430,10.0,3.0,10.0, 3 9 7 1 2 8 6 4 5 0, 0 1 2 3 4 5 6 7 8 9,5.0,I-A*,-,1.0,64497.0,12894.0,0.0,0.1437
431,10.0,3.0,10.0, 3 9 7 1 2 8 6 4 5 0, 0 1 2 3 4 5 6 7 8 9,5.0,MM,8978.0,1.0,1269.0,1241.0,0.0,0.0028
432,10.0,3.0,10.0, 3 9 7 1 2 8 6 4 5 0, 0 1 2 3 4 5 6 7 8 9,5.0,I-MM,-,1.0,2660.0,1241.0,0.0,0.0028
433,10.0,3.0,10.0, 3 9 7 1 2 8 6 4 5 0, 0 1 2 3 4 5 6 7 8 9,5.0,IDA*,-,1.0,140469.0,28274.0,0.0,0.0756
434,10.0,3.0,10.0, 3 9 7 1 2 8 6 4 5 0, 0 1 2 3 4 5 6 7 8 9,5.0,D-A*,-,1.0,127996.0,28274.0,0.0,0.0756
435,10.0,3.0,10.0, 3 9 7 1 2 8 6 4 5 0, 0 1 2 3 4 5 6 7 8 9,5.0,A*+IDA*(0.90),8080,1.0,60869.0,21077.0,0.0,0.0628
436,10.0,3.0,10.0, 3 9 7 1 2 8 6 4 5 0, 0 1 2 3 4 5 6 7 8 9,5.0,A*+IDA*(0.75),6733,1.0,63881.0,21324.0,0.0,0.0674
437,10.0,3.0,10.0, 3 9 7 1 2 8 6 4 5 0, 0 1 2 3 4 5 6 7 8 9,5.0,A*+IDA*(0.50),4489,1.0,44498.0,22375.0,0.0,0.0468
438,10.0,3.0,10.0, 3 9 7 1 2 8 6 4 5 0, 0 1 2 3 4 5 6 7 8 9,5.0,A*+IDA*(0.25),2244,1.0,69449.0,24451.0,0.0,0.0662
439,10.0,3.0,10.0, 3 9 7 1 2 8 6 4 5 0, 0 1 2 3 4 5 6 7 8 9,5.0,A*+IDA*(0.10),897,1.0,81929.0,25923.0,0.0,0.0751
